eps_num,iter,critic_loss,actor_loss,csc_samples_neg,csc_samples_pos,train_acc,snap_iter,beta_score,main_critic_loss,main_actor_loss,main_beta_score,main_prox_critic,main_prox_actor,main_avg_prox_coef,tidx,avg_rewards,one_raw_reward
2864,100001,47365.923046875,-528.1464965820312,34,52,0.9883720930232558,10,1.0,3910.369367675781,-72.13175987243652,0.14924642,2.245481697320938,0.0,0.09999999999999998,13,5580.453268611627,4818.409510579428
2864,100001,62202.4919921875,-621.8630004882813,24,39,0.9682539682539683,10,1.0,3783.741072998047,-60.40609634399414,0.13063577,2.6581529569625855,0.0,0.09999999999999998,14,5016.428969199872,4709.177600210205
2864,100001,41255.10673828125,-527.3253173828125,38,52,0.9888888888888889,10,1.0,2470.821658935547,-42.893882217407224,0.08651273,1.5841500091552734,0.0,0.09999999999999998,15,5611.322513617745,5661.204667956363
2864,100001,53014.84951171875,-593.1336669921875,27,52,0.9873417721518988,10,1.0,1727.2121807861329,-36.236037216186524,0.062804244,2.5995843094587325,0.0,0.09999999999999998,16,4965.537998663032,5395.581898954188
